imdbId,imdbid,Movie Name,Argentina,Australia,Austria,Bahrain,Belgium,Bolivia,Brazil,Bulgaria,Chile,China,Colombia,Croatia,Czech Republic,Denmark,Domestic,Ecuador,Egypt,Estonia,Finland,France,Germany,Greece,Hong Kong,Hungary,Iceland,Israel,Italy,Japan,Jordan,Latvia,Lebanon,Lithuania,Malaysia,Mexico,Netherlands,New Zealand,Norway,Oman,Peru,Philippines,Poland,Portugal,Qatar,Romania,Russia/CIS,Serbia and Montenegro,Singapore,Slovakia,Slovenia,South Africa,South Korea,Spain,Sweden,Switzerland,Switzerland (French),Switzerland (German),Taiwan,Thailand,Türkiye,Ukraine,United Arab Emirates,United Kingdom,Uruguay,Venezuela
0073663,,Lovers Like Us (1975),,,,,,,"$12,395",,"$19,209",,,,,,,,,,,,,,,,,,,,,,,,,"$31,876",,,,,,,,,,,,,,,,,"$302,302",,,,,,"$7,872",,,,,,,
2076176,,My Way (2012),,,,,"$1,438,993",,,,,,,,,,,,,,,"$15,293,722",,,,,,,,,,,"$13,435",,,,,,,,,,,"$2,590",,,,,,,,,,,,,,,,,,,,"$9,871",,
0447249,,Lotte from Gadgetville (2006),,,"$6,316",,,,,,,,,,,,,,,,"$73,928",,,,,,,,,,,,,,,,,,"$147,726",,,,,,,"$1,256",,"$3,671",,,,,,,,,,,,,"$8,931",,,,,
0383862,,Roma (2004),"$248,569",,,,,,,,,,,,,,,,,,,,,,,,,,,,,,,,,,,,,,,,,,,,,,,,,,,,,,,,,,,,,,,
0878814,,Jewtopia (2012),,,,,,,,,,,,,,,,,,,,,,,,,,,,,,,,,,,,,,,,,,,,,,,,,,,,,,,,,,,,"$41,890",,,,
0436595,,Roving Mars (2006),,"$206,847",,,,,,,,,,,,,,,,,,,,,,,,,,,,,,,,,,,,,,,,,,,,,,,,,,,,,,,,,,,,"$37,066",,
2202471,,Love (2012),,,,,,,,,,,,,"$83,800",,,,,,,,,,"$797,380",,,,,,,,,,,,,"$10,840",,,,,,,,,,,"$332,654",,,,,,,,,,,,,,,,,
2594950,,The Major (2013),,,,,,,,,,,,,,,,,,,,,,,,,,,,,,,,,,,,,,,,,,,,,"$62,412",,,,,,,,,,,,,,,,,,,
2036388,,Shun Li and the Poet (2011),,,"$30,566",,"$16,481",,,,,,,,,,,,,,,,,,,,,,"$617,850",,,,,,,,,,,,,,,,,,,"$1,011",,,,,,"$215,480",,,,,,,,,,"$9,099",,
3442006,,Cake (2014),,"$6,395","$13,076","$1,216",,,"$106,997",,,,,,,,"$1,951,776",,,,,"$125,514",,"$34,136",,,,,"$17,841",,,,,,,,,"$1,100",,$483,"$30,713",,,"$17,147","$2,674",,,,,,,"$24,883",,,,,,,,,"$22,558",,"$11,267","$66,074",,
2797106,,Way Back Home (2013),,,,,,,,,,,,,,,,,,,,,,,,,,,,,,,,,,,,,,,,"$609,832",,,,,,,,,,,"$12,184,128",,,,,,,,,,,,,
1456660,,No Man's Land (2013),,,,,,,,,,"$41,800,000",,,,,,,,,,,,,,,,,,,,,,,,,,,,,,,,,,,,,,,,,,,,,,,,,,,,,,
1447499,,Matching Jack (2010),,"$553,424",,,,,,,,,,,,,,,,,,,,,,,,,"$214,486",,,,,,,,,,,,,,,,,,,,,,,,,,,,,,,,,,,,,
1891905,,Sea Level (2011),,,"$41,295",,,,,,,,,"$94,712","$116,787",,,,,,,,"$76,379",,,,"$25,909",,"$575,888",,,,,,,,,,,,,,"$1,237,232",,,,"$2,219,684","$10,029",,,"$64,397",,"$1,145,991","$17,678",,,,,,,"$204,795",,,,,
2243621,,The Snow Queen (2012),,,,,,,"$1,018,444","$48,216",,,,"$107,256","$202,150",,,,,,"$37,509",,,,,,,,,,,,"$24,659",,,,,,,,,,"$937,937","$157,158",,"$361,940","$7,650,674",,,"$202,923",,,"$1,507,784","$9,097",,,,,,,"$448,368","$543,994","$100,793","$208,879",,
1328642,,Safari (2009),,,,,"$536,468",,,$253,,,,,,,,,,,,"$15,896,842",,,,,$43,,,,,,,,,,,,,,,,,,,,,,,,,,,$608,,"$42,552",,,,,,,,,,
0951333,,The Missing Lynx (2008),"$86,079",,,,,"$11,245",,,,,,,,,,,,,,,,,,,,,,,,,,,,"$46,620",,,,,"$110,191",,"$833,062",,,,,,,,,,"$628,517","$1,445,936",,,,,,,,,"$121,071",,,
1429433,,"Snowflake, the White Gorilla (2010)",,,"$41,571",,,"$4,932",,,,,,,"$361,476",,,,,,,,"$206,134","$102,214",,"$101,730",,,"$1,880,651",,,,,,,"$174,114",,,,,"$78,458",,"$1,337,094",,,,,,,,,,"$419,352","$1,725,889",,,,,,,,,"$303,588",,,"$39,413"
1234542,,The Last Flight (2009),,,,,,,,,,,,,,,,,,,,,,,,,,,,,,,,,,,,,,,,,,,,,"$25,248",,,,,,,,,,,,"$5,500",,,,,,,
1503777,,Illégal (2010),,,,,"$143,123",,,,,,,,,,,,,,,"$120,882",,,,,,,"$25,452",,,,,,,,,,,,,,,,,,,,,,,,,,,,,,,,,,,,,
1592534,,Todo lo que tú quieras (2010),,,,,,,,,,,,,,,,,,,,,,,,,,,,,,,,,,"$22,070",,,,,,,,,,,"$12,991",,,,,,,,,,,,,,,,,,,
2039393,,The Gambler (2014),,"$603,983",,,,,,,,,"$4,858",,,,,,,,,,"$310,646",,,,,,,,"$10,418",,"$47,025",,,"$976,973",,,$764,"$13,251",,,,,,,"$1,232,445",,,,,"$15,371",,"$198,633",,,,,,,,,"$230,338","$572,311",,
1313254,,The Invisible Eye (2010),"$76,158",,,,,,"$32,651",,,,,,,,,,,,,"$65,385",,,,,,,,,,,,,,"$13,653",,,,,"$5,542",,,,,,,,,,,,,"$25,319",,,,,,,,,,,,
1206541,,The Dolphin: Story of a Dreamer (2009),"$151,480",,,,,"$34,978","$289,656",,"$417,949",,"$159,510",,,,,"$166,726",,,,,,,,,,,,,,,,,,"$734,063",,,,,"$1,048,339",,"$569,044",,,,,,,"$3,489","$28,252",,,,,,,,,,,,,,"$25,031","$495,092"
1342403,,Toys in the Attic (2009),,,,,$568,,,,,,,,"$46,707",,"$64,918",,,,,,,,,,,,,,,,,,,,,,,,,,,,,,,,,,,,,"$14,276",,,,,,,,,,,,
0425186,,The Fine Art of Love: Mine Ha-Ha (2005),,,,,,,,,,,,,,,,,,,,,,,,,,,"$91,525",,,,,,,"$98,878",,,,,,,,,,,,,,,,,,"$16,740",,,,,,,,,,,,"$43,960"
0480082,,Impy's Island (2006),,,,,,"$19,886","$297,926",,"$117,488",,,,,,,,,,,,,,,,,,,,,,,,,"$415,245",,,,,"$299,345",,,,,,,,,,,,"$167,852",,,,,,,,,,,,,"$221,323"
1285144,,The Window (2008),"$32,662",,,,,,,,,,,,,,,,,,,,,,,,,,,,,,,,,,,,,,,,,,,,,,,,,,,,,,,,,,,,,,"$5,909",
1650056,,The Cup (2011),,"$2,648,134",,,,,,,,,,,,,,,,,,,,,,,,,,,,,,,,,,,,,,,,,,,,,,,,,,,,,,,,,,,,,,
0434345,,Snow White (2005),,,,,,,,,,,,,,,,,,,,,,,,,,,,,,,,,,,,,,,,,,,,,,,,,,,,,,,,,"$4,024",,,,,,,
1722484,,Tom Sawyer (2011),,,,,,,,,,,,,,,,,,,,,,,,,,,,,,,,,,,,,,,,,,,,,"$349,472",,,,,,,,,,,,,,,,,,,
0439197,,Heidi (2005),,,"$20,315",,,,,,,,,,,,,,,,,,"$91,072",,,,,,,,,,,,,,,,,,,,,,,,,,,,,,,,,,,,,,,,,"$43,192",,
1849111,,Superstar (2012),,"$13,492",,,"$92,416",,,,,,,,,,,,,,,"$1,321,241",,,,,,,,,,,,,,,,,,,,,,,,,,,,,,,,,,,,,,,$865,,,"$53,447",,
1178654,,The Paranoids (2008),"$38,597",,,,,,,,,,,,,,,,,,,,,,,,,,,,,,,,,,,,,,,,,,,,,,,,,,,,,,,,,,,,,,,
1277736,,Soul Power (2008),,,,,$202,,"$4,671",,,,,,,,,,,,,"$28,274",,,,,,,,,,,,,,,,,,,,,,,,,,,,,,,,,,,,,,,,,,"$14,314",,
0796206,,The Black Pimpernel (2007),,,,,,"$1,061",,,"$19,628",,,,,,,,,,,,,,,,,,,,,,,,,"$259,758",,,,,"$4,132",,,,,,,,,,,,,,,,,,,,,,,,,
2557276,,Against the Sun (2014),,,,,,,,,,,,,,,"$4,646",,,,,,,,,,,,,,,,,,,,,,,,,,,,,,,,,,,,,,,,,,,,,,,$52,,
3419894,,The Divine Move (2014),,,,,,,,,,,,,,,,,,,,,,,,,,,,,,,,,,,,,,,,,,,,,,,,,,,"$27,790,164",,,,,,,,,,,,,
1826753,,Tasting Menu (2013),,,,,,,,,,,,,,,,,,,,,,,,,,,,,,,,,,,,"$52,356",,,,,,,,,"$30,631",,,,,,,"$49,045",,,,,,,,,,,,
2414046,,The Amazing Catfish (2013),"$3,528",,"$11,465",,"$29,074",,,,,,,,,,,,,,,,,,,,,,,,,,,,,"$214,928",,,,,,,,,,,,,,,,,,"$38,012",,,,,,,,,,,,
3328716,,Paper Planes (2014),,"$7,360,872",,,,,,,,,,,,,,,,,,,,,,,,,,,,,,,,,,"$236,584",,,,,,,,,,,,,,,,,,,,,,,,,,,,
1672214,,Bunny Drop (2011),,,,,,,,,,,,,,,,,,,,,,,"$62,546",,,,,"$6,569,857",,,,,,,,,,,,,,,,,,,,,,,,,,,,,,,,,,,,
3626442,,Bjork: Biophilia Live (2014),,,,,,,,,,,,,,,,,,,,,,,,,,,,,,,,,,,,,,,,,,,,,,,,,,,,,,,,,,,,,,"$38,087",,
3045616,,Mortdecai (2015),,"$782,321","$460,008",,"$371,144","$12,851","$112,218","$159,299","$25,156","$3,530,000",,"$74,352","$199,622",,"$7,696,134","$25,162","$36,531","$114,910","$306,553","$1,477,859","$2,554,625","$209,987","$554,401","$259,343","$21,391",,"$1,672,838","$6,217,852","$22,234","$101,035","$84,224","$56,800","$199,378","$1,382,788","$106,780","$184,425",,"$40,464",,,"$405,481","$369,480",,"$425,489",,"$43,078","$373,360","$115,743","$6,525","$107,819","$475,361","$1,361,953",,,,,"$533,247","$426,820","$325,933",,"$435,861","$727,292","$24,828","$185,159"
2322441,,Fifty Shades of Grey (2015),"$3,222,236","$18,229,895","$5,397,769",,"$5,792,486","$481,608","$31,374,704","$837,393","$3,481,152",,"$4,281,356","$694,309","$2,983,151","$5,230,566",,"$1,609,451",,"$508,293","$1,772,426","$28,691,668","$41,430,653","$2,521,700","$1,590,469","$1,672,429","$2,792","$2,601,215","$20,498,944","$3,622,898",,"$477,562","$586,535","$664,105",,"$14,148,888","$6,907,429","$2,538,510","$2,083,791",,"$1,772,020","$3,565,511","$9,473,951","$3,176,173",,"$1,365,168","$17,659,358","$470,851","$1,837,395","$1,322,726","$845,583","$3,056,586","$2,483,760","$38,323,430","$4,885,001",,"$1,944,086","$4,311,891","$3,930,191","$1,205,094","$3,946,274","$2,413,538",,"$51,603,774","$572,450","$7,944,249"
0402378,,Mr. Average (2006),,,,,,,,,,,,,,,,,,,,,,,,,,,,,,,,,$419,,,,,,,,,,,,,,,,,,,,,,,,,,,,,,,
3136752,,The Last Diamond (2014),,,,,"$50,888",,,,,,,,,,,,,,,"$1,024,562",,,,,,,,,,,,,,"$16,558",,,,,,,,,,,,,,,,,,,,,,,,,,,,"$4,487",,
1403241,,Wolves (2014),,,,,"$2,371",,,,,,,,,,,,,,,,,,,,,,,,,,,,"$79,544",,"$94,953",,,,,,,,,,,,,,,,"$197,320",,,,,,,"$70,749",,,"$34,078",,,
2923316,,American Heist (2014),,,,,,,,,,,,,,,,,,,,,,,,,,,,,,,,,"$53,980",,,,,,,"$16,310",,,,,"$2,341,218",,"$22,259",,,,,,,,,,,,,,,,,
4191054,,Strange Magic (2015),,,,,,,,,,,,,,,,,,,,,,"$12,548",,,,,,,,,,,,,,,,,,,,,,,,,"$141,788",,,"$41,023",,,,,,,,,"$49,259",,,,,
1885331,,Paris-Manhattan (2012),,"$628,145",,,,,"$317,929",,,,,,,,,,,,,,,,,,,,,,,,,,,,,,,,,,,,,,"$204,856",,,,,,,,,,,,,,,,,,,
1797348,,7 Days in Havana (2011),"$146,106",,,,,,"$121,045",,"$1,975",,,,,,,,,,,,,,,,,,,,,,,,,"$151,696",,,,,,,,,,,"$527,950",,,,,,,,,,,,,,,,,,,
1666801,,The DUFF (2015),,"$2,745,752","$258,881","$17,443",,,,,,,,"$9,562",,"$158,654",,,"$23,791",,"$88,488",,"$1,212,325","$20,083",,,"$28,027",,"$815,219",,"$16,623",,"$39,259","$12,973","$77,968",,,,"$144,665","$3,736",,"$20,806","$111,311",,"$16,923",,"$232,067","$20,752",,,"$44,542","$194,563","$6,168",,"$94,340",,,"$31,133","$67,355","$8,731",,"$39,932","$64,200","$3,053,129",,
2714380,,The Remaining (2014),"$79,948",,,,,"$9,774",,,,,,,,,,"$110,825",,,,,,,,,,,,,,,,,,"$803,222",,,$746,,,"$118,239",,,,,,,,,,"$4,904",,,,,,,,,,,,,,
1945084,,Everly (2014),,,,,,,,,,,,,,,,,,,,,,,,,,,,,,,,,,,,,,,,,,,,,"$15,355",,"$8,883",,,,,,,,,,,"$14,956",,,,,,
1724962,,Beyond Outrage (2012),,,,,,,,,,,,,,,,,,,,,,,"$7,964",,,,,"$16,995,152",,,,,,,,,,,,,,,,,"$12,906",,"$7,615",,,,,,,,,,,,,,,,,
2785032,,The Little Death (2014),,"$152,399","$78,937",,,,"$7,158",,,,,,,"$59,671",,,,"$4,961",,,,"$72,829",,,"$5,907",,,,,,,,,,,,"$16,873",,,,"$177,978","$5,991",,,,$220,,,,,,,,,,,,,,,,,,
1693039,,Pinocchio (2012),,,,,"$42,337",,,,,,,,,,,,,,,"$274,636",,,,,,,"$1,639,014",,,,"$1,373",,,"$351,035",,,,,,,"$30,139",,,,,,,,,,"$363,667",,,,,,,,,,"$84,807",,,
0168856,,A Fish Tale (2000),"$49,621","$150,167",,,,,,$251,"$40,463",,,,,,,,,,,,"$2,602,697",,,"$197,793",,,,,,,,,,"$621,326","$1,004,727",,,,,,,,,,,,,,,,"$296,579",,,,,,,,,,,"$67,792",,
